[
  {
    "id": "jackolantern-1",
    "name": "3D Printed Jack-o'-Lanterns",
    "category": "Home Decor",
    "description": "Custom 3D printed Jack-o'-Lanterns, perfect for seasonal home decor.",
    "image": "/images/jackolantern.jpg",
    "price": 15.0
  },
  {
    "id": "ledlightbox-1",
    "name": "Custom LED Lightbox",
    "category": "Home Decor",
    "description": "A unique 3D printed LED lightbox, lights and power supply included.",
    "image": "/images/ledlightbox.jpg",
    "price": 35.0
  },
  {
    "id": "bookmarks-1",
    "name": "Romantasy Themed Bookmarks",
    "category": "BookTok",
    "description": "Custom 3D printed romantasy bookmarks in various colors and sizes.",
    "image": "/images/bookmarks.jpg",
    "price": 7.0
  },
  {
    "id": "ravenclock-1",
    "name": "Raven Themed Clock",
    "category": "Home Decor",
    "description": "A fully functional 3D printed raven-themed clock for your home.",
    "image": "/images/ravenclock.jpg",
    "price": 45.0
  },
  {
    "id": "dragon-glow-1",
    "name": "Glow in the Dark Dragon",
    "category": "Home Decor",
    "description": "A glow-in-the-dark finished dragon sculpture, 3D printed with precision.",
    "image": "/images/dragon-glow.jpg",
    "price": 60.0
  },
  {
    "id": "bosemount-1",
    "name": "Bose A20 Headset Mount",
    "category": "Aviation",
    "description": "Custom 3D printed Bose A20 headset controller mount, ready to install.",
    "image": "/images/bosemount.jpg",
    "price": 25.0
  },
  {
    "id": "avionicscover-1",
    "name": "Custom Avionics Cover",
    "category": "Aviation",
    "description": "Snap-on avionics cover, designed and 3D printed for durability.",
    "image": "/images/avionicscover.jpg",
    "price": 20.0
  },
  {
    "id": "controljig-1",
    "name": "Control Column Jig",
    "category": "Aviation",
    "description": "Custom jig for drilling control column universal joints.",
    "image": "/images/controljig.jpg",
    "price": 30.0
  }
]
